filename,relevance_score,coherence_score,accuracy_score,fluency_score,Final average Score
ModelAverageScores/Results/Deepseek-llmResults.csv,3.692592592592592,3.614814814814815,3.7222222222222223,3.52962962962963,3.6398148148148146
ModelAverageScores/Results/Llama3Results.csv,3.5925925925333333,3.7296296296,3.6444444444666666,3.7814814814666655,3.6870370370166663
ModelAverageScores/Results/Llama3.1Results.csv,3.214814814866666,3.3296296296,3.3259259258666662,3.0592592594,3.2324074074333335
ModelAverageScores/Results/GemmaResults.csv,3.3259259259333334,3.5592592592666668,2.9222222222,3.4592592592,3.3166666666499998
ModelAverageScores/Results/Gemma2Results.csv,3.711111111111111,3.748148148148148,3.644444444444445,3.4851851851851854,3.6472222222222226
ModelAverageScores/Results/MistralResults.csv,3.8814814814814818,3.911111111111111,3.611111111111111,3.414814814814815,3.7046296296296295
ModelAverageScores/Results/QwenResults.csv,2.9814814814814814,2.992592592592593,2.9037037037037035,2.885185185185185,2.9407407407407407
ModelAverageScores/Results/SolarResults.csv,3.7888888888666665,3.625925925933333,3.6592592593333335,3.462962962933333,3.634259259266667
ModelAverageScores/Results/XwinLM.csv,2.911111111133333,2.955555555533333,2.800000000066667,3.0814814814666667,2.9370370370499996
